{
  "decision_baseline": {
    "n": 1244,
    "c_fp": 1.9109083217265166,
    "c_fn": 6.244032321942225,
    "ratio_fn_fp": 3.2675729395017266,
    "loglik": -397.863201145832,
    "frac_admit": 0.5956591639871383,
    "degenerate": false
  },
  "decision_u_fp100_fn1": {
    "n": 1247,
    "c_fp": 21.88399843290416,
    "c_fn": 1.6833456443226356,
    "ratio_fn_fp": 0.0769213016297609,
    "loglik": -130.24777871568347,
    "frac_admit": 0.11226944667201283,
    "degenerate": false
  },
  "decision_u_fp10_fn1": {
    "n": 1246,
    "c_fp": 32.34380229010308,
    "c_fn": 2.7188298722166206,
    "ratio_fn_fp": 0.08406030459345712,
    "loglik": -77.96780383551425,
    "frac_admit": 0.1187800963081862,
    "degenerate": false
  },
  "decision_u_fp1_fn1": {
    "n": 1247,
    "c_fp": 4.548486830527034,
    "c_fn": 3.554119517193633,
    "ratio_fn_fp": 0.7813850297070809,
    "loglik": -315.4287224084253,
    "frac_admit": 0.3817161186848436,
    "degenerate": false
  },
  "decision_u_fp1_fn10": {
    "n": 1246,
    "c_fp": 3.1223046255948264,
    "c_fn": 22.98143411911363,
    "ratio_fn_fp": 7.36040741531921,
    "loglik": -177.84675010415518,
    "frac_admit": 0.6540930979133226,
    "degenerate": false
  },
  "decision_u_fp1_fn100": {
    "n": 1247,
    "c_fp": 4.245110619280997,
    "c_fn": 130.66596471040285,
    "ratio_fn_fp": 30.780343889491864,
    "loglik": -85.68828128707435,
    "frac_admit": 0.7473937449879712,
    "degenerate": false
  },
  "decision_u_fp1_fn5": {
    "n": 1245,
    "c_fp": 2.862326980671715,
    "c_fn": 14.375486530662156,
    "ratio_fn_fp": 5.022307593693784,
    "loglik": -232.60995921123873,
    "frac_admit": 0.6240963855421687,
    "degenerate": false
  },
  "decision_u_fp5_fn1": {
    "n": 1246,
    "c_fp": 25.445479423152523,
    "c_fn": 3.1399303473609543,
    "ratio_fn_fp": 0.12339835674324025,
    "loglik": -104.04437030903932,
    "frac_admit": 0.13804173354735153,
    "degenerate": false
  }
}