{
  "decision_baseline": {
    "n": 77,
    "c_fp": 3.3387834036597326,
    "c_fn": 16.420948971614955,
    "ratio_fn_fp": 4.918243259989701,
    "loglik": -23.162011902069473,
    "frac_admit": 0.33766233766233766,
    "degenerate": false
  },
  "decision_u_fp10_fn1": {
    "n": 77,
    "c_fp": 758.6239056935608,
    "c_fn": 27.58035647110656,
    "ratio_fn_fp": 0.03635577031532063,
    "loglik": -3.7392280898828974e-05,
    "frac_admit": 0.09090909090909091,
    "degenerate": false
  },
  "decision_u_fp1_fn1": {
    "n": 78,
    "c_fp": 5.252152967386443,
    "c_fn": 16.359987008600974,
    "ratio_fn_fp": 3.114910610979781,
    "loglik": -10.794219890001289,
    "frac_admit": 0.23076923076923078,
    "degenerate": false
  },
  "decision_u_fp1_fn10": {
    "n": 77,
    "c_fp": 4.264092937241657,
    "c_fn": 45.06325397184227,
    "ratio_fn_fp": 10.56807500096202,
    "loglik": -17.374719969174183,
    "frac_admit": 0.4935064935064935,
    "degenerate": false
  },
  "decision_u_fp1_fn5": {
    "n": 77,
    "c_fp": 3.4609012686105585,
    "c_fn": 21.281062682896437,
    "ratio_fn_fp": 6.148994447171879,
    "loglik": -23.376110562244204,
    "frac_admit": 0.37662337662337664,
    "degenerate": false
  },
  "decision_u_fp5_fn1": {
    "n": 76,
    "c_fp": 75.17891340048723,
    "c_fn": 16.251311458360686,
    "ratio_fn_fp": 0.2161684802730251,
    "loglik": -4.7543656536971654e-05,
    "frac_admit": 0.11842105263157894,
    "degenerate": false
  }
}