{
  "decision_baseline": {
    "n": 1240,
    "c_fp": 4.213130094045185,
    "c_fn": 18.399011274958056,
    "ratio_fn_fp": 4.367064596690978,
    "loglik": -256.3542707053067,
    "frac_admit": 0.5048387096774194,
    "degenerate": false
  },
  "decision_u_fp100_fn1": {
    "n": 1242,
    "c_fp": 5.133645821624003,
    "c_fn": 7.411552997155543,
    "ratio_fn_fp": 1.4437211398450032,
    "loglik": -203.23640323768564,
    "frac_admit": 0.3333333333333333,
    "degenerate": false
  },
  "decision_u_fp10_fn1": {
    "n": 1247,
    "c_fp": 5.451299770934753,
    "c_fn": 7.51632319497274,
    "ratio_fn_fp": 1.3788130374059195,
    "loglik": -189.03755602742086,
    "frac_admit": 0.3271852445870088,
    "degenerate": false
  },
  "decision_u_fp1_fn1": {
    "n": 1248,
    "c_fp": 5.285727054162342,
    "c_fn": 17.18839730301695,
    "ratio_fn_fp": 3.2518510938777347,
    "loglik": -205.9801677154413,
    "frac_admit": 0.44471153846153844,
    "degenerate": false
  },
  "decision_u_fp1_fn10": {
    "n": 1248,
    "c_fp": 5.326028123166005,
    "c_fn": 84.31390663608198,
    "ratio_fn_fp": 15.830541012232283,
    "loglik": -131.87138606379222,
    "frac_admit": 0.7011217948717948,
    "degenerate": false
  },
  "decision_u_fp1_fn100": {
    "n": 1248,
    "c_fp": 95.37660797284279,
    "c_fn": 1880.0121798709924,
    "ratio_fn_fp": 19.711459862425603,
    "loglik": -17.637802664496142,
    "frac_admit": 0.7652243589743589,
    "degenerate": false
  },
  "decision_u_fp1_fn5": {
    "n": 1248,
    "c_fp": 4.807391135796451,
    "c_fn": 51.51996174905972,
    "ratio_fn_fp": 10.71682338585589,
    "loglik": -156.2645600476293,
    "frac_admit": 0.6546474358974359,
    "degenerate": false
  },
  "decision_u_fp5_fn1": {
    "n": 1248,
    "c_fp": 5.8446472292707465,
    "c_fn": 8.032358385214787,
    "ratio_fn_fp": 1.3743102141370827,
    "loglik": -169.43551083028225,
    "frac_admit": 0.32532051282051283,
    "degenerate": false
  }
}