{
  "decision_baseline": {
    "n": 1226,
    "c_fp": 2.402541379645559,
    "c_fn": 11.904182346105811,
    "ratio_fn_fp": 4.954829268273418,
    "loglik": -356.1723454814627,
    "frac_admit": 0.5636215334420881,
    "degenerate": false
  },
  "decision_u_fp100_fn1": {
    "n": 1241,
    "c_fp": 6.734967966401062,
    "c_fn": 1.5489157108487803,
    "ratio_fn_fp": 0.2299811548586278,
    "loglik": -259.4044043047253,
    "frac_admit": 0.18775181305398872,
    "degenerate": false
  },
  "decision_u_fp10_fn1": {
    "n": 1228,
    "c_fp": 6.391539054023973,
    "c_fn": 2.5080643153561453,
    "ratio_fn_fp": 0.39240381606948377,
    "loglik": -233.42810478698513,
    "frac_admit": 0.23778501628664495,
    "degenerate": false
  },
  "decision_u_fp1_fn1": {
    "n": 1227,
    "c_fp": 2.6998813009667875,
    "c_fn": 10.965423821532058,
    "ratio_fn_fp": 4.06144663382257,
    "loglik": -341.21031740247065,
    "frac_admit": 0.530562347188264,
    "degenerate": false
  },
  "decision_u_fp1_fn10": {
    "n": 1219,
    "c_fp": 4.442798189242714,
    "c_fn": 48.35556696688002,
    "ratio_fn_fp": 10.884034094540393,
    "loglik": -145.0517708616044,
    "frac_admit": 0.6423297785069729,
    "degenerate": false
  },
  "decision_u_fp1_fn100": {
    "n": 1239,
    "c_fp": 3.8908895342555585,
    "c_fn": 58.78458134015285,
    "ratio_fn_fp": 15.108262730825656,
    "loglik": -151.93557673759332,
    "frac_admit": 0.6876513317191283,
    "degenerate": false
  },
  "decision_u_fp1_fn5": {
    "n": 1214,
    "c_fp": 3.657113604541538,
    "c_fn": 31.971771487797184,
    "ratio_fn_fp": 8.74235119414761,
    "loglik": -193.6256732199957,
    "frac_admit": 0.6252059308072487,
    "degenerate": false
  },
  "decision_u_fp5_fn1": {
    "n": 1230,
    "c_fp": 4.923130180579632,
    "c_fn": 2.9381790451393353,
    "ratio_fn_fp": 0.5968111622824088,
    "loglik": -263.72131399088545,
    "frac_admit": 0.28292682926829266,
    "degenerate": false
  }
}