{
  "decision_baseline": {
    "n": 1245,
    "c_fp": 2.448319499926937,
    "c_fn": 8.927661313382005,
    "ratio_fn_fp": 3.646444556622788,
    "loglik": -368.98267570093515,
    "frac_admit": 0.5493975903614458,
    "degenerate": false
  },
  "decision_u_fp100_fn1": {
    "n": 1245,
    "c_fp": 7.331548106184852,
    "c_fn": 2.0689647560052786,
    "ratio_fn_fp": 0.28220025648606356,
    "loglik": -238.99413407359964,
    "frac_admit": 0.17751004016064256,
    "degenerate": false
  },
  "decision_u_fp10_fn1": {
    "n": 1245,
    "c_fp": 5.700015495129873,
    "c_fn": 2.141417615330434,
    "ratio_fn_fp": 0.37568627965311213,
    "loglik": -294.7204283322789,
    "frac_admit": 0.21204819277108433,
    "degenerate": false
  },
  "decision_u_fp1_fn1": {
    "n": 1245,
    "c_fp": 2.5412676744503484,
    "c_fn": 7.301930294228633,
    "ratio_fn_fp": 2.873341666303598,
    "loglik": -380.3744086793563,
    "frac_admit": 0.5164658634538153,
    "degenerate": false
  },
  "decision_u_fp1_fn10": {
    "n": 1245,
    "c_fp": 2.188581619135931,
    "c_fn": 16.03194657709023,
    "ratio_fn_fp": 7.32526785243667,
    "loglik": -342.5691621836548,
    "frac_admit": 0.6449799196787148,
    "degenerate": false
  },
  "decision_u_fp1_fn100": {
    "n": 1245,
    "c_fp": 2.018315950586754,
    "c_fn": 17.139799319357476,
    "ratio_fn_fp": 8.492128952543176,
    "loglik": -346.36655501060216,
    "frac_admit": 0.6674698795180722,
    "degenerate": false
  },
  "decision_u_fp1_fn5": {
    "n": 1245,
    "c_fp": 2.1656395980846774,
    "c_fn": 12.304062726939161,
    "ratio_fn_fp": 5.681491388419869,
    "loglik": -365.3395395717262,
    "frac_admit": 0.61285140562249,
    "degenerate": false
  },
  "decision_u_fp5_fn1": {
    "n": 1245,
    "c_fp": 3.960535858301299,
    "c_fn": 2.4271496829969523,
    "ratio_fn_fp": 0.6128336593417371,
    "loglik": -389.1453521845889,
    "frac_admit": 0.2819277108433735,
    "degenerate": false
  }
}