{
  "decision_baseline": {
    "n": 78,
    "c_fp": 7.18415719199781,
    "c_fn": 19.753380755384367,
    "ratio_fn_fp": 2.7495752427838007,
    "loglik": -3.784863880183368,
    "frac_admit": 0.6538461538461539,
    "degenerate": false
  },
  "decision_u_fp10_fn1": {
    "n": 78,
    "c_fp": 2041.5802878831776,
    "c_fn": 52.50045682625337,
    "ratio_fn_fp": 0.025715597440788735,
    "loglik": -5.7352480653752675e-05,
    "frac_admit": 0.10256410256410256,
    "degenerate": false
  },
  "decision_u_fp1_fn1": {
    "n": 78,
    "c_fp": 6.031684421719423,
    "c_fn": 11.606309658662514,
    "ratio_fn_fp": 1.9242236243112267,
    "loglik": -5.042708530880763,
    "frac_admit": 0.6282051282051282,
    "degenerate": false
  },
  "decision_u_fp1_fn10": {
    "n": 78,
    "c_fp": 3.350520321496725,
    "c_fn": 24.51090073560327,
    "ratio_fn_fp": 7.315550536536934,
    "loglik": -8.628511076135418,
    "frac_admit": 0.7307692307692307,
    "degenerate": false
  },
  "decision_u_fp1_fn5": {
    "n": 78,
    "c_fp": 3.79718247246672,
    "c_fn": 24.315892981194647,
    "ratio_fn_fp": 6.403667234194988,
    "loglik": -7.578926701292908,
    "frac_admit": 0.717948717948718,
    "degenerate": false
  },
  "decision_u_fp5_fn1": {
    "n": 78,
    "c_fp": 2041.5802878831776,
    "c_fn": 52.50045682625337,
    "ratio_fn_fp": 0.025715597440788735,
    "loglik": -5.7352480653752675e-05,
    "frac_admit": 0.10256410256410256,
    "degenerate": false
  }
}