{
  "decision_baseline": {
    "n": 78,
    "c_fp": 2.807512846259742,
    "c_fn": 18.12787690515646,
    "ratio_fn_fp": 6.456916814933543,
    "loglik": -27.838676295066307,
    "frac_admit": 0.3717948717948718,
    "degenerate": false
  },
  "decision_u_fp10_fn1": {
    "n": 77,
    "c_fp": 42.88367468045979,
    "c_fn": 20.748747251962854,
    "ratio_fn_fp": 0.4838379035045042,
    "loglik": -2.9297738608373133e-05,
    "frac_admit": 0.11688311688311688,
    "degenerate": false
  },
  "decision_u_fp1_fn1": {
    "n": 78,
    "c_fp": 4.472034960830809,
    "c_fn": 10.330138659315262,
    "ratio_fn_fp": 2.309941391289155,
    "loglik": -12.349457771495583,
    "frac_admit": 0.19230769230769232,
    "degenerate": false
  },
  "decision_u_fp1_fn10": {
    "n": 78,
    "c_fp": 2.7400190186415614,
    "c_fn": 19.98007207049205,
    "ratio_fn_fp": 7.291946491815853,
    "loglik": -28.36873764744496,
    "frac_admit": 0.3974358974358974,
    "degenerate": false
  },
  "decision_u_fp1_fn5": {
    "n": 78,
    "c_fp": 4.441962243942085,
    "c_fn": 26.959272580605635,
    "ratio_fn_fp": 6.069225963676861,
    "loglik": -18.440363315038056,
    "frac_admit": 0.32051282051282054,
    "degenerate": false
  },
  "decision_u_fp5_fn1": {
    "n": 78,
    "c_fp": 169.4566454587535,
    "c_fn": 18.850218843715584,
    "ratio_fn_fp": 0.11123918328894225,
    "loglik": -0.00016321663943785574,
    "frac_admit": 0.10256410256410256,
    "degenerate": false
  }
}