{
  "decision_baseline": {
    "n": 1240,
    "c_fp": 2.379169257957787,
    "c_fn": 3.624760831722699,
    "ratio_fn_fp": 1.5235405465999057,
    "loglik": -364.9481204905584,
    "frac_admit": 0.5766129032258065,
    "degenerate": false
  },
  "decision_u_fp100_fn1": {
    "n": 1248,
    "c_fp": 2.9544486076007566,
    "c_fn": 2.0409368671996986,
    "ratio_fn_fp": 0.6908012757267418,
    "loglik": -484.80875853314046,
    "frac_admit": 0.4703525641025641,
    "degenerate": false
  },
  "decision_u_fp10_fn1": {
    "n": 1248,
    "c_fp": 2.7290469096171543,
    "c_fn": 2.5728352106624603,
    "ratio_fn_fp": 0.9427596138402002,
    "loglik": -440.1268828933188,
    "frac_admit": 0.5160256410256411,
    "degenerate": false
  },
  "decision_u_fp1_fn1": {
    "n": 1248,
    "c_fp": 1.7589994489654117,
    "c_fn": 5.536472684902901,
    "ratio_fn_fp": 3.1475124612229304,
    "loglik": -327.40356155027575,
    "frac_admit": 0.6538461538461539,
    "degenerate": false
  },
  "decision_u_fp1_fn10": {
    "n": 1248,
    "c_fp": 2.0738390212803632,
    "c_fn": 4.548910974228103,
    "ratio_fn_fp": 2.193473518219201,
    "loglik": -335.79491043403794,
    "frac_admit": 0.6185897435897436,
    "degenerate": false
  },
  "decision_u_fp1_fn100": {
    "n": 1248,
    "c_fp": 2.13672976243489,
    "c_fn": 4.488420705968979,
    "ratio_fn_fp": 2.1006028861854023,
    "loglik": -333.1658847502591,
    "frac_admit": 0.6137820512820513,
    "degenerate": false
  },
  "decision_u_fp1_fn5": {
    "n": 1248,
    "c_fp": 2.1993171822453976,
    "c_fn": 4.310700548931771,
    "ratio_fn_fp": 1.9600176744541922,
    "loglik": -336.9633346615045,
    "frac_admit": 0.6065705128205128,
    "degenerate": false
  },
  "decision_u_fp5_fn1": {
    "n": 1248,
    "c_fp": 2.6168534007416455,
    "c_fn": 3.105604277617309,
    "ratio_fn_fp": 1.1867704460391806,
    "loglik": -393.0131694988328,
    "frac_admit": 0.5480769230769231,
    "degenerate": false
  }
}