{
  "decision_baseline": {
    "n": 78,
    "c_fp": 2.813630592724397,
    "c_fn": 21.07008955601509,
    "ratio_fn_fp": 7.488577075647032,
    "loglik": -16.103538528558293,
    "frac_admit": 0.5897435897435898,
    "degenerate": false
  },
  "decision_u_fp10_fn1": {
    "n": 78,
    "c_fp": 6.061071250178316,
    "c_fn": 1.2020827396134555,
    "ratio_fn_fp": 0.19832842908390003,
    "loglik": -20.17032727461717,
    "frac_admit": 0.19230769230769232,
    "degenerate": false
  },
  "decision_u_fp1_fn1": {
    "n": 78,
    "c_fp": 2.8709109393224024,
    "c_fn": 8.424567577714301,
    "ratio_fn_fp": 2.93445800157865,
    "loglik": -17.234922127334425,
    "frac_admit": 0.5,
    "degenerate": false
  },
  "decision_u_fp1_fn10": {
    "n": 78,
    "c_fp": 3.7494084613364085,
    "c_fn": 45.47463078735705,
    "ratio_fn_fp": 12.128481400809674,
    "loglik": -10.920877301332027,
    "frac_admit": 0.6282051282051282,
    "degenerate": false
  },
  "decision_u_fp1_fn5": {
    "n": 78,
    "c_fp": 5.105024844006787,
    "c_fn": 47.83685004526569,
    "ratio_fn_fp": 9.370542065319299,
    "loglik": -7.980380586782099,
    "frac_admit": 0.5897435897435898,
    "degenerate": false
  },
  "decision_u_fp5_fn1": {
    "n": 78,
    "c_fp": 10.619917193744444,
    "c_fn": 3.3465202930295956,
    "ratio_fn_fp": 0.3151173622145406,
    "loglik": -14.162030480126154,
    "frac_admit": 0.24358974358974358,
    "degenerate": false
  }
}