{
  "decision_baseline": {
    "n": 1240,
    "c_fp": 2.6322179374611037,
    "c_fn": 5.454243303120517,
    "ratio_fn_fp": 2.072109313403353,
    "loglik": -327.4503651272295,
    "frac_admit": 0.4685483870967742,
    "degenerate": false
  },
  "decision_u_fp100_fn1": {
    "n": 1248,
    "c_fp": 18.392056788798037,
    "c_fn": 0.6480809222728026,
    "ratio_fn_fp": 0.035237000935508536,
    "loglik": -241.81725348742754,
    "frac_admit": 0.13862179487179488,
    "degenerate": false
  },
  "decision_u_fp10_fn1": {
    "n": 1248,
    "c_fp": 12.86222464818188,
    "c_fn": 1.0756211419385633,
    "ratio_fn_fp": 0.08362636879387783,
    "loglik": -266.8523291002477,
    "frac_admit": 0.18830128205128205,
    "degenerate": false
  },
  "decision_u_fp1_fn1": {
    "n": 1248,
    "c_fp": 2.685175011250413,
    "c_fn": 3.6663228482242833,
    "ratio_fn_fp": 1.3653943720104025,
    "loglik": -362.11313738428663,
    "frac_admit": 0.43669871794871795,
    "degenerate": false
  },
  "decision_u_fp1_fn10": {
    "n": 1248,
    "c_fp": 2.0642386896141662,
    "c_fn": 10.190662485788806,
    "ratio_fn_fp": 4.936765567403243,
    "loglik": -385.40788687132266,
    "frac_admit": 0.5705128205128205,
    "degenerate": false
  },
  "decision_u_fp1_fn100": {
    "n": 1248,
    "c_fp": 1.9668017544217666,
    "c_fn": 18.800688552094165,
    "ratio_fn_fp": 9.55901554888612,
    "loglik": -365.55557675449757,
    "frac_admit": 0.655448717948718,
    "degenerate": false
  },
  "decision_u_fp1_fn5": {
    "n": 1248,
    "c_fp": 2.1209775480610347,
    "c_fn": 6.129928552337596,
    "ratio_fn_fp": 2.8901430653716647,
    "loglik": -386.57682310440714,
    "frac_admit": 0.5184294871794872,
    "degenerate": false
  },
  "decision_u_fp5_fn1": {
    "n": 1248,
    "c_fp": 7.016673259094975,
    "c_fn": 0.9437341014015771,
    "ratio_fn_fp": 0.13449879544815826,
    "loglik": -308.289944097334,
    "frac_admit": 0.21394230769230768,
    "degenerate": false
  }
}