{
  "decision_baseline": {
    "n": 1245,
    "c_fp": 1.9504082605543194,
    "c_fn": 6.62654799302904,
    "ratio_fn_fp": 3.397518420654007,
    "loglik": -407.2514385016663,
    "frac_admit": 0.5903614457831325,
    "degenerate": false
  },
  "decision_u_fp100_fn1": {
    "n": 1247,
    "c_fp": 22.34760758720156,
    "c_fn": 1.5571820831934735,
    "ratio_fn_fp": 0.06968003519469661,
    "loglik": -125.96702735993664,
    "frac_admit": 0.10585404971932638,
    "degenerate": false
  },
  "decision_u_fp10_fn1": {
    "n": 1247,
    "c_fp": 48.40730298149141,
    "c_fn": 3.513238745178141,
    "ratio_fn_fp": 0.07257662643426822,
    "loglik": -45.68514571936195,
    "frac_admit": 0.11547714514835605,
    "degenerate": false
  },
  "decision_u_fp1_fn1": {
    "n": 1247,
    "c_fp": 4.386406355590387,
    "c_fn": 3.6177479041640757,
    "ratio_fn_fp": 0.8247635104653102,
    "loglik": -313.5454850445826,
    "frac_admit": 0.37209302325581395,
    "degenerate": false
  },
  "decision_u_fp1_fn10": {
    "n": 1245,
    "c_fp": 4.013482371240944,
    "c_fn": 41.239456663186985,
    "ratio_fn_fp": 10.275230547589523,
    "loglik": -128.74182465698797,
    "frac_admit": 0.6746987951807228,
    "degenerate": false
  },
  "decision_u_fp1_fn100": {
    "n": 1247,
    "c_fp": 5.2066080647108395,
    "c_fn": 124.10251736660271,
    "ratio_fn_fp": 23.835578907454217,
    "loglik": -58.77775429360102,
    "frac_admit": 0.7377706495589414,
    "degenerate": false
  },
  "decision_u_fp1_fn5": {
    "n": 1247,
    "c_fp": 3.173502138762707,
    "c_fn": 19.79454269260587,
    "ratio_fn_fp": 6.237444257820294,
    "loglik": -197.9583360304082,
    "frac_admit": 0.640737770649559,
    "degenerate": false
  },
  "decision_u_fp5_fn1": {
    "n": 1247,
    "c_fp": 29.81958567670269,
    "c_fn": 3.298442923768269,
    "ratio_fn_fp": 0.11061330494424883,
    "loglik": -80.75218264038658,
    "frac_admit": 0.12991178829190056,
    "degenerate": false
  }
}