{
  "decision_baseline": {
    "n": 1240,
    "c_fp": 1.876896935080255,
    "c_fn": 3.8853588548193625,
    "ratio_fn_fp": 2.070097074698045,
    "loglik": -448.1648495734033,
    "frac_admit": 0.4483870967741935,
    "degenerate": false
  },
  "decision_u_fp100_fn1": {
    "n": 1248,
    "c_fp": 110.85953939435483,
    "c_fn": 0.310146713459731,
    "ratio_fn_fp": 0.0027976547183410382,
    "loglik": -144.38944349966394,
    "frac_admit": 0.0921474358974359,
    "degenerate": false
  },
  "decision_u_fp10_fn1": {
    "n": 1248,
    "c_fp": 27.968937303080555,
    "c_fn": 0.5775828871466487,
    "ratio_fn_fp": 0.0206508699593328,
    "loglik": -209.03049760702567,
    "frac_admit": 0.13060897435897437,
    "degenerate": false
  },
  "decision_u_fp1_fn1": {
    "n": 1248,
    "c_fp": 3.3612576821080347,
    "c_fn": 1.7714099271374362,
    "ratio_fn_fp": 0.5270080709868352,
    "loglik": -360.0416290120407,
    "frac_admit": 0.3004807692307692,
    "degenerate": false
  },
  "decision_u_fp1_fn10": {
    "n": 1248,
    "c_fp": 2.1860100764524932,
    "c_fn": 5.189628964217495,
    "ratio_fn_fp": 2.3740187751738744,
    "loglik": -380.1435318275391,
    "frac_admit": 0.44310897435897434,
    "degenerate": false
  },
  "decision_u_fp1_fn100": {
    "n": 1248,
    "c_fp": 1.622260884743427,
    "c_fn": 11.485359520486124,
    "ratio_fn_fp": 7.0798474083301475,
    "loglik": -442.0334264332414,
    "frac_admit": 0.5576923076923077,
    "degenerate": false
  },
  "decision_u_fp1_fn5": {
    "n": 1248,
    "c_fp": 2.4051342905171706,
    "c_fn": 3.1919196392298046,
    "ratio_fn_fp": 1.3271274089828278,
    "loglik": -393.38203851542494,
    "frac_admit": 0.39503205128205127,
    "degenerate": false
  },
  "decision_u_fp5_fn1": {
    "n": 1248,
    "c_fp": 15.712080753111508,
    "c_fn": 0.48792303785419555,
    "ratio_fn_fp": 0.03105400522827448,
    "loglik": -242.73272001675664,
    "frac_admit": 0.14583333333333334,
    "degenerate": false
  }
}