{
  "decision_baseline": {
    "n": 78,
    "c_fp": 1.9670992244942167,
    "c_fn": 8.140502077910732,
    "ratio_fn_fp": 4.138328141532275,
    "loglik": -23.42913947344295,
    "frac_admit": 0.6410256410256411,
    "degenerate": false
  },
  "decision_u_fp10_fn1": {
    "n": 78,
    "c_fp": 3.0727315996162474,
    "c_fn": 15.940122461726066,
    "ratio_fn_fp": 5.187606513929437,
    "loglik": -14.880164990076603,
    "frac_admit": 0.6538461538461539,
    "degenerate": false
  },
  "decision_u_fp1_fn1": {
    "n": 78,
    "c_fp": 2.6003468201834097,
    "c_fn": 15.978193894179409,
    "ratio_fn_fp": 6.144639541987104,
    "loglik": -16.220259819579883,
    "frac_admit": 0.6794871794871795,
    "degenerate": false
  },
  "decision_u_fp1_fn10": {
    "n": 78,
    "c_fp": 3.7252018067714325,
    "c_fn": 34.1229149585498,
    "ratio_fn_fp": 9.160017826825746,
    "loglik": -9.326097087231435,
    "frac_admit": 0.717948717948718,
    "degenerate": false
  },
  "decision_u_fp1_fn5": {
    "n": 78,
    "c_fp": 2.8488473054054313,
    "c_fn": 17.925936802425532,
    "ratio_fn_fp": 6.292347353405948,
    "loglik": -14.846300545987297,
    "frac_admit": 0.6794871794871795,
    "degenerate": false
  },
  "decision_u_fp5_fn1": {
    "n": 78,
    "c_fp": 2.75510921584423,
    "c_fn": 13.876690075796352,
    "ratio_fn_fp": 5.036711429076401,
    "loglik": -16.65581468047568,
    "frac_admit": 0.6538461538461539,
    "degenerate": false
  }
}