{
  "decision_baseline": {
    "n": 1240,
    "c_fp": 2.106044108686062,
    "c_fn": 3.992003061449781,
    "ratio_fn_fp": 1.8954983160064713,
    "loglik": -380.11526549996125,
    "frac_admit": 0.4306451612903226,
    "degenerate": false
  },
  "decision_u_fp100_fn1": {
    "n": 1248,
    "c_fp": 65.64180908582068,
    "c_fn": 1.0287920989741632,
    "ratio_fn_fp": 0.015672817573158464,
    "loglik": -127.73847895000765,
    "frac_admit": 0.0985576923076923,
    "degenerate": false
  },
  "decision_u_fp10_fn1": {
    "n": 1248,
    "c_fp": 46.677902705900344,
    "c_fn": 1.414226849600145,
    "ratio_fn_fp": 0.030297566249080404,
    "loglik": -152.5950474891655,
    "frac_admit": 0.125,
    "degenerate": false
  },
  "decision_u_fp1_fn1": {
    "n": 1248,
    "c_fp": 3.095154069896903,
    "c_fn": 1.8254007611091896,
    "ratio_fn_fp": 0.5897608713126168,
    "loglik": -380.40016414732116,
    "frac_admit": 0.31490384615384615,
    "degenerate": false
  },
  "decision_u_fp1_fn10": {
    "n": 1248,
    "c_fp": 2.09246682052898,
    "c_fn": 3.96400022028608,
    "ratio_fn_fp": 1.8944148511200636,
    "loglik": -387.4927739596235,
    "frac_admit": 0.43028846153846156,
    "degenerate": false
  },
  "decision_u_fp1_fn100": {
    "n": 1248,
    "c_fp": 1.503340590538715,
    "c_fn": 5.747927096181529,
    "ratio_fn_fp": 3.8234363738703996,
    "loglik": -446.14126324267687,
    "frac_admit": 0.5024038461538461,
    "degenerate": false
  },
  "decision_u_fp1_fn5": {
    "n": 1248,
    "c_fp": 2.3121208411651524,
    "c_fn": 3.211073129055504,
    "ratio_fn_fp": 1.3887998723446222,
    "loglik": -385.81524092915544,
    "frac_admit": 0.4014423076923077,
    "degenerate": false
  },
  "decision_u_fp5_fn1": {
    "n": 1248,
    "c_fp": 21.076694689733465,
    "c_fn": 0.9020412735908434,
    "ratio_fn_fp": 0.042798042428836384,
    "loglik": -223.69066133718002,
    "frac_admit": 0.14342948717948717,
    "degenerate": false
  }
}