{
  "decision_baseline": {
    "n": 77,
    "c_fp": 2.6458174655141145,
    "c_fn": 18.262925074395568,
    "ratio_fn_fp": 6.902564259415704,
    "loglik": -29.477815140108316,
    "frac_admit": 0.44155844155844154,
    "degenerate": false
  },
  "decision_u_fp10_fn1": {
    "n": 78,
    "c_fp": 3.1572003007921103,
    "c_fn": 15.204463196330552,
    "ratio_fn_fp": 4.8158056973819185,
    "loglik": -26.946075771907783,
    "frac_admit": 0.34615384615384615,
    "degenerate": false
  },
  "decision_u_fp1_fn1": {
    "n": 78,
    "c_fp": 2.13784840429083,
    "c_fn": 22.287793497786847,
    "ratio_fn_fp": 10.425338603548077,
    "loglik": -30.834687416859104,
    "frac_admit": 0.5384615384615384,
    "degenerate": false
  },
  "decision_u_fp1_fn10": {
    "n": 78,
    "c_fp": 4.556683982429148,
    "c_fn": 101.23362374533387,
    "ratio_fn_fp": 22.216511861629403,
    "loglik": -16.707550120630284,
    "frac_admit": 0.6794871794871795,
    "degenerate": false
  },
  "decision_u_fp1_fn5": {
    "n": 78,
    "c_fp": 2.0950943978850463,
    "c_fn": 37.052295971041566,
    "ratio_fn_fp": 17.685263255176036,
    "loglik": -26.498102320882758,
    "frac_admit": 0.6410256410256411,
    "degenerate": false
  },
  "decision_u_fp5_fn1": {
    "n": 78,
    "c_fp": 2.684289358942078,
    "c_fn": 18.432436435318948,
    "ratio_fn_fp": 6.866784452248274,
    "loglik": -29.659303169714402,
    "frac_admit": 0.4358974358974359,
    "degenerate": false
  }
}