{
  "decision_baseline": {
    "n": 1240,
    "c_fp": 2.4174844243661626,
    "c_fn": 3.2300725733261366,
    "ratio_fn_fp": 1.3361296315996019,
    "loglik": -424.7102054263366,
    "frac_admit": 0.5588709677419355,
    "degenerate": false
  },
  "decision_u_fp100_fn1": {
    "n": 1248,
    "c_fp": 2.7613908148125366,
    "c_fn": 1.909027335053544,
    "ratio_fn_fp": 0.6913281976651837,
    "loglik": -528.9207751275276,
    "frac_admit": 0.46153846153846156,
    "degenerate": false
  },
  "decision_u_fp10_fn1": {
    "n": 1248,
    "c_fp": 2.24520126058564,
    "c_fn": 3.2292033613930475,
    "ratio_fn_fp": 1.4382689953375225,
    "loglik": -440.19358921111575,
    "frac_admit": 0.5713141025641025,
    "degenerate": false
  },
  "decision_u_fp1_fn1": {
    "n": 1248,
    "c_fp": 1.7484089170263064,
    "c_fn": 5.690037677512706,
    "ratio_fn_fp": 3.2544089784158277,
    "loglik": -345.79942049426506,
    "frac_admit": 0.6690705128205128,
    "degenerate": false
  },
  "decision_u_fp1_fn10": {
    "n": 1248,
    "c_fp": 1.790492539502518,
    "c_fn": 8.834772529330383,
    "ratio_fn_fp": 4.9342693892402885,
    "loglik": -288.5306387930732,
    "frac_admit": 0.7019230769230769,
    "degenerate": false
  },
  "decision_u_fp1_fn100": {
    "n": 1248,
    "c_fp": 1.7580886763708694,
    "c_fn": 17.25048738150249,
    "ratio_fn_fp": 9.812068989097735,
    "loglik": -237.386069898501,
    "frac_admit": 0.750801282051282,
    "degenerate": false
  },
  "decision_u_fp1_fn5": {
    "n": 1248,
    "c_fp": 1.6632679171093283,
    "c_fn": 6.32344821678335,
    "ratio_fn_fp": 3.8018217941539865,
    "loglik": -335.02749541084023,
    "frac_admit": 0.6842948717948718,
    "degenerate": false
  },
  "decision_u_fp5_fn1": {
    "n": 1248,
    "c_fp": 1.9688512076078382,
    "c_fn": 3.9970060301268378,
    "ratio_fn_fp": 2.030120922638545,
    "loglik": -404.8754366299081,
    "frac_admit": 0.6169871794871795,
    "degenerate": false
  }
}