{
  "decision_baseline": {
    "n": 1241,
    "c_fp": 2.1514704367643316,
    "c_fn": 9.84289452484666,
    "ratio_fn_fp": 4.574961550319845,
    "loglik": -386.32838222463226,
    "frac_admit": 0.5560032232070911,
    "degenerate": false
  },
  "decision_u_fp100_fn1": {
    "n": 1246,
    "c_fp": 16.466980631022846,
    "c_fn": 2.2702926475818916,
    "ratio_fn_fp": 0.13786939442345555,
    "loglik": -159.48952428454317,
    "frac_admit": 0.14847512038523275,
    "degenerate": false
  },
  "decision_u_fp10_fn1": {
    "n": 1241,
    "c_fp": 12.464395003379934,
    "c_fn": 2.582758847772406,
    "ratio_fn_fp": 0.20721092737128813,
    "loglik": -185.2294628656377,
    "frac_admit": 0.18372280419016923,
    "degenerate": false
  },
  "decision_u_fp1_fn1": {
    "n": 1240,
    "c_fp": 2.9338384726601325,
    "c_fn": 8.679702462606649,
    "ratio_fn_fp": 2.9584800061390903,
    "loglik": -320.8427209317871,
    "frac_admit": 0.4806451612903226,
    "degenerate": false
  },
  "decision_u_fp1_fn10": {
    "n": 1240,
    "c_fp": 3.839217923129018,
    "c_fn": 35.96954290262545,
    "ratio_fn_fp": 9.368976604826264,
    "loglik": -179.94624221999263,
    "frac_admit": 0.617741935483871,
    "degenerate": false
  },
  "decision_u_fp1_fn100": {
    "n": 1245,
    "c_fp": 3.4314038542552407,
    "c_fn": 51.82687175924197,
    "ratio_fn_fp": 15.103693403786359,
    "loglik": -181.00379635163807,
    "frac_admit": 0.6755020080321286,
    "degenerate": false
  },
  "decision_u_fp1_fn5": {
    "n": 1245,
    "c_fp": 3.4509061808586985,
    "c_fn": 25.317401235627283,
    "ratio_fn_fp": 7.336450169539956,
    "loglik": -221.25384128274644,
    "frac_admit": 0.5927710843373494,
    "degenerate": false
  },
  "decision_u_fp5_fn1": {
    "n": 1241,
    "c_fp": 6.633215428651803,
    "c_fn": 2.470152511744315,
    "ratio_fn_fp": 0.3723914198647355,
    "loglik": -238.9878232883299,
    "frac_admit": 0.2401289282836422,
    "degenerate": false
  }
}