{
  "decision_baseline": {
    "n": 1238,
    "c_fp": 4.942773524081031,
    "c_fn": 19.744987566305067,
    "ratio_fn_fp": 3.9947182427250882,
    "loglik": -226.2665708245182,
    "frac_admit": 0.481421647819063,
    "degenerate": false
  },
  "decision_u_fp100_fn1": {
    "n": 1245,
    "c_fp": 5.546421312453372,
    "c_fn": 5.822984188926229,
    "ratio_fn_fp": 1.0498633011978176,
    "loglik": -205.7667350344907,
    "frac_admit": 0.2883534136546185,
    "degenerate": false
  },
  "decision_u_fp10_fn1": {
    "n": 1247,
    "c_fp": 6.190940413487819,
    "c_fn": 7.076721114372793,
    "ratio_fn_fp": 1.1430769223614523,
    "loglik": -168.26986701893617,
    "frac_admit": 0.2967121090617482,
    "degenerate": false
  },
  "decision_u_fp1_fn1": {
    "n": 1247,
    "c_fp": 5.8839312722743715,
    "c_fn": 19.51613939638504,
    "ratio_fn_fp": 3.3168537315088797,
    "loglik": -188.6863751177819,
    "frac_admit": 0.44346431435445066,
    "degenerate": false
  },
  "decision_u_fp1_fn10": {
    "n": 1247,
    "c_fp": 4.675767707858633,
    "c_fn": 67.7169812014934,
    "ratio_fn_fp": 14.482537506660234,
    "loglik": -144.05032610177545,
    "frac_admit": 0.706495589414595,
    "degenerate": false
  },
  "decision_u_fp1_fn100": {
    "n": 1247,
    "c_fp": 11.899331390789984,
    "c_fn": 295.01419986912583,
    "ratio_fn_fp": 24.792502215499702,
    "loglik": -24.191741025398155,
    "frac_admit": 0.7682437850842021,
    "degenerate": false
  },
  "decision_u_fp1_fn5": {
    "n": 1246,
    "c_fp": 4.793777307432353,
    "c_fn": 46.22551253294661,
    "ratio_fn_fp": 9.642816002586896,
    "loglik": -173.3332615092254,
    "frac_admit": 0.6484751203852327,
    "degenerate": false
  },
  "decision_u_fp5_fn1": {
    "n": 1247,
    "c_fp": 6.326479241743579,
    "c_fn": 7.6330303343005275,
    "ratio_fn_fp": 1.206521043163474,
    "loglik": -159.01567935900877,
    "frac_admit": 0.3023255813953488,
    "degenerate": false
  }
}