{
  "decision_baseline": {
    "n": 1172,
    "c_fp": 2.474990162838439,
    "c_fn": 11.353617670060357,
    "ratio_fn_fp": 4.587338503616303,
    "loglik": -260.272900147265,
    "frac_admit": 0.6612627986348123,
    "degenerate": false
  },
  "decision_u_fp100_fn1": {
    "n": 1210,
    "c_fp": 2.8565748488164138,
    "c_fn": 10.22984134997433,
    "ratio_fn_fp": 3.581156416823084,
    "loglik": -262.118247028582,
    "frac_admit": 0.6289256198347107,
    "degenerate": false
  },
  "decision_u_fp10_fn1": {
    "n": 1177,
    "c_fp": 3.003382187942482,
    "c_fn": 12.376717305299104,
    "ratio_fn_fp": 4.120926519104779,
    "loglik": -226.83919824723526,
    "frac_admit": 0.643160577740017,
    "degenerate": false
  },
  "decision_u_fp1_fn1": {
    "n": 1184,
    "c_fp": 3.4816009541425488,
    "c_fn": 22.125855713232607,
    "ratio_fn_fp": 6.355080896593383,
    "loglik": -156.85684725049003,
    "frac_admit": 0.6891891891891891,
    "degenerate": false
  },
  "decision_u_fp1_fn10": {
    "n": 1168,
    "c_fp": 3.6711623090741066,
    "c_fn": 32.952033539387024,
    "ratio_fn_fp": 8.975913012055782,
    "loglik": -130.0118043748791,
    "frac_admit": 0.7131849315068494,
    "degenerate": false
  },
  "decision_u_fp1_fn100": {
    "n": 1211,
    "c_fp": 4.291743125478027,
    "c_fn": 44.68978769886633,
    "ratio_fn_fp": 10.412968901508673,
    "loglik": -103.94815486201588,
    "frac_admit": 0.7250206440957886,
    "degenerate": false
  },
  "decision_u_fp1_fn5": {
    "n": 1169,
    "c_fp": 3.454205554900572,
    "c_fn": 29.179441152447414,
    "ratio_fn_fp": 8.447511501175654,
    "loglik": -141.82926956359597,
    "frac_admit": 0.7125748502994012,
    "degenerate": false
  },
  "decision_u_fp5_fn1": {
    "n": 1172,
    "c_fp": 3.3990203165492665,
    "c_fn": 15.604764633316641,
    "ratio_fn_fp": 4.590959505990485,
    "loglik": -188.453937409319,
    "frac_admit": 0.6544368600682594,
    "degenerate": false
  }
}