{
  "decision_baseline": {
    "n": 1027,
    "c_fp": 3.1696382042907865,
    "c_fn": 20.16317180853297,
    "ratio_fn_fp": 6.3613480495148575,
    "loglik": -367.95891437298246,
    "frac_admit": 0.3758519961051607,
    "degenerate": false
  },
  "decision_u_fp100_fn1": {
    "n": 1138,
    "c_fp": 3.036618601273036,
    "c_fn": 11.860408885946143,
    "ratio_fn_fp": 3.9057947155345505,
    "loglik": -387.21189393408656,
    "frac_admit": 0.28295254833040423,
    "degenerate": false
  },
  "decision_u_fp10_fn1": {
    "n": 1038,
    "c_fp": 2.68103549296176,
    "c_fn": 17.361045403104924,
    "ratio_fn_fp": 6.475500025524111,
    "loglik": -418.1967965822692,
    "frac_admit": 0.3882466281310212,
    "degenerate": false
  },
  "decision_u_fp1_fn1": {
    "n": 1029,
    "c_fp": 2.703372922355573,
    "c_fn": 27.11401821970302,
    "ratio_fn_fp": 10.02969956363894,
    "loglik": -378.9647894961638,
    "frac_admit": 0.49173955296404276,
    "degenerate": false
  },
  "decision_u_fp1_fn10": {
    "n": 1036,
    "c_fp": 2.4210298354937483,
    "c_fn": 51.012357746993445,
    "ratio_fn_fp": 21.07052007336783,
    "loglik": -328.48618988497776,
    "frac_admit": 0.6621621621621622,
    "degenerate": false
  },
  "decision_u_fp1_fn100": {
    "n": 1138,
    "c_fp": 2.0704762491563944,
    "c_fn": 38.213250117789144,
    "ratio_fn_fp": 18.456261033353535,
    "loglik": -407.48769128307174,
    "frac_admit": 0.6379613356766256,
    "degenerate": false
  },
  "decision_u_fp1_fn5": {
    "n": 1025,
    "c_fp": 2.1995240953052906,
    "c_fn": 39.06428729937675,
    "ratio_fn_fp": 17.760336148513385,
    "loglik": -357.7967905646432,
    "frac_admit": 0.6341463414634146,
    "degenerate": false
  },
  "decision_u_fp5_fn1": {
    "n": 1033,
    "c_fp": 2.569662575393798,
    "c_fn": 21.147949359974263,
    "ratio_fn_fp": 8.22985459744004,
    "loglik": -414.3817591343417,
    "frac_admit": 0.45111326234269117,
    "degenerate": false
  }
}