{
  "decision_baseline": {
    "n": 1248,
    "c_fp": 4.053901592213488,
    "c_fn": 17.532669283118786,
    "ratio_fn_fp": 4.324887736987641,
    "loglik": -214.655448924015,
    "frac_admit": 0.53125,
    "degenerate": false
  },
  "decision_u_fp100_fn1": {
    "n": 1248,
    "c_fp": 6.4220150898533594,
    "c_fn": 4.03765622599118,
    "ratio_fn_fp": 0.6287210742264662,
    "loglik": -241.28979330112634,
    "frac_admit": 0.2620192307692308,
    "degenerate": false
  },
  "decision_u_fp10_fn1": {
    "n": 1248,
    "c_fp": 4.954435836225567,
    "c_fn": 4.933144915596594,
    "ratio_fn_fp": 0.9957026548868996,
    "loglik": -261.91455756988057,
    "frac_admit": 0.33092948717948717,
    "degenerate": false
  },
  "decision_u_fp1_fn1": {
    "n": 1248,
    "c_fp": 4.067621237979501,
    "c_fn": 16.00963125081466,
    "ratio_fn_fp": 3.935870700381898,
    "loglik": -216.1718353374775,
    "frac_admit": 0.5192307692307693,
    "degenerate": false
  },
  "decision_u_fp1_fn10": {
    "n": 1248,
    "c_fp": 3.9758905037618004,
    "c_fn": 33.01602515642875,
    "ratio_fn_fp": 8.304057952599686,
    "loglik": -200.3802881358243,
    "frac_admit": 0.625,
    "degenerate": false
  },
  "decision_u_fp1_fn100": {
    "n": 1248,
    "c_fp": 3.557775882941015,
    "c_fn": 38.10375762962887,
    "ratio_fn_fp": 10.709993794811668,
    "loglik": -203.32181214511738,
    "frac_admit": 0.6626602564102564,
    "degenerate": false
  },
  "decision_u_fp1_fn5": {
    "n": 1248,
    "c_fp": 4.359603376920725,
    "c_fn": 31.32819574856634,
    "ratio_fn_fp": 7.186019699501672,
    "loglik": -191.5772878229223,
    "frac_admit": 0.6009615384615384,
    "degenerate": false
  },
  "decision_u_fp5_fn1": {
    "n": 1248,
    "c_fp": 4.146599978476142,
    "c_fn": 5.500727150108112,
    "ratio_fn_fp": 1.3265632514978225,
    "loglik": -288.98992450447145,
    "frac_admit": 0.375,
    "degenerate": false
  }
}