{
  "decision_baseline": {
    "n": 1236,
    "c_fp": 6.265817455263658,
    "c_fn": 25.635417608113134,
    "ratio_fn_fp": 4.091312552774397,
    "loglik": -188.10357902721242,
    "frac_admit": 0.46359223300970875,
    "degenerate": false
  },
  "decision_u_fp100_fn1": {
    "n": 1246,
    "c_fp": 5.679464574483604,
    "c_fn": 4.00268308478521,
    "ratio_fn_fp": 0.7047641608274575,
    "loglik": -225.1687549311947,
    "frac_admit": 0.23515248796147672,
    "degenerate": false
  },
  "decision_u_fp10_fn1": {
    "n": 1248,
    "c_fp": 6.311024972332458,
    "c_fn": 5.064733006820151,
    "ratio_fn_fp": 0.8025214650589956,
    "loglik": -189.90085408964038,
    "frac_admit": 0.24919871794871795,
    "degenerate": false
  },
  "decision_u_fp1_fn1": {
    "n": 1248,
    "c_fp": 6.862324540513512,
    "c_fn": 23.586232542403117,
    "ratio_fn_fp": 3.437061655005629,
    "loglik": -161.47115566359957,
    "frac_admit": 0.4286858974358974,
    "degenerate": false
  },
  "decision_u_fp1_fn10": {
    "n": 1248,
    "c_fp": 4.6072641366255915,
    "c_fn": 65.64519662195495,
    "ratio_fn_fp": 14.248194736678192,
    "loglik": -144.66919569580193,
    "frac_admit": 0.7051282051282052,
    "degenerate": false
  },
  "decision_u_fp1_fn100": {
    "n": 1248,
    "c_fp": 8.669651026708264,
    "c_fn": 271.27246144344133,
    "ratio_fn_fp": 31.289893977017364,
    "loglik": -57.588290789241796,
    "frac_admit": 0.782051282051282,
    "degenerate": false
  },
  "decision_u_fp1_fn5": {
    "n": 1248,
    "c_fp": 5.004973332388779,
    "c_fn": 47.12521690996332,
    "ratio_fn_fp": 9.415677922797512,
    "loglik": -173.32266595936977,
    "frac_admit": 0.6426282051282052,
    "degenerate": false
  },
  "decision_u_fp5_fn1": {
    "n": 1248,
    "c_fp": 5.653144415674957,
    "c_fn": 6.453165677380022,
    "ratio_fn_fp": 1.1415179239870075,
    "loglik": -189.3891025327506,
    "frac_admit": 0.29246794871794873,
    "degenerate": false
  }
}