{
  "decision_baseline": {
    "n": 1235,
    "c_fp": 2.493974953885863,
    "c_fn": 14.03679889744254,
    "ratio_fn_fp": 5.628283826817026,
    "loglik": -470.3172980578137,
    "frac_admit": 0.31983805668016196,
    "degenerate": false
  },
  "decision_u_fp100_fn1": {
    "n": 1238,
    "c_fp": 24.00823217270128,
    "c_fn": 0.1219852589016978,
    "ratio_fn_fp": 0.005080976309467798,
    "loglik": -91.29331562993102,
    "frac_admit": 0.0444264943457189,
    "degenerate": false
  },
  "decision_u_fp10_fn1": {
    "n": 1237,
    "c_fp": 24.630472583945437,
    "c_fn": 3.079022511175914,
    "ratio_fn_fp": 0.1250086656145962,
    "loglik": -45.432545443777414,
    "frac_admit": 0.10347615198059822,
    "degenerate": false
  },
  "decision_u_fp1_fn1": {
    "n": 1237,
    "c_fp": 3.9876953894188847,
    "c_fn": 7.753678707455203,
    "ratio_fn_fp": 1.9444009509926794,
    "loglik": -193.04123926294963,
    "frac_admit": 0.1713823767178658,
    "degenerate": false
  },
  "decision_u_fp1_fn10": {
    "n": 1235,
    "c_fp": 2.8956223030988513,
    "c_fn": 28.27832857641224,
    "ratio_fn_fp": 9.765889890456085,
    "loglik": -446.12238976217503,
    "frac_admit": 0.39757085020242916,
    "degenerate": false
  },
  "decision_u_fp1_fn100": {
    "n": 1238,
    "c_fp": 2.5877908361841877,
    "c_fn": 61.82985985868444,
    "ratio_fn_fp": 23.89291243872527,
    "loglik": -397.839064896335,
    "frac_admit": 0.6098546042003231,
    "degenerate": false
  },
  "decision_u_fp1_fn5": {
    "n": 1236,
    "c_fp": 3.426690623146341,
    "c_fn": 26.8600421219357,
    "ratio_fn_fp": 7.838478892872206,
    "loglik": -382.52769587418646,
    "frac_admit": 0.33495145631067963,
    "degenerate": false
  },
  "decision_u_fp5_fn1": {
    "n": 1237,
    "c_fp": 62.157366460452614,
    "c_fn": 9.407678441158179,
    "ratio_fn_fp": 0.15135259064014203,
    "loglik": -5.441040937980123,
    "frac_admit": 0.11398544866612773,
    "degenerate": false
  }
}