{
  "decision_baseline": {
    "n": 78,
    "c_fp": 2.690073051226883,
    "c_fn": 13.448060546054545,
    "ratio_fn_fp": 4.999143253719887,
    "loglik": -13.673585654784839,
    "frac_admit": 0.6282051282051282,
    "degenerate": false
  },
  "decision_u_fp10_fn1": {
    "n": 78,
    "c_fp": 286.67625238561953,
    "c_fn": 16.243845491406738,
    "ratio_fn_fp": 0.05666268257740617,
    "loglik": -2.5868166176085645e-05,
    "frac_admit": 0.10256410256410256,
    "degenerate": false
  },
  "decision_u_fp1_fn1": {
    "n": 78,
    "c_fp": 5.728884399045982,
    "c_fn": 3.5828462446729104,
    "ratio_fn_fp": 0.6254003388983645,
    "loglik": -17.980021870336518,
    "frac_admit": 0.3717948717948718,
    "degenerate": false
  },
  "decision_u_fp1_fn10": {
    "n": 78,
    "c_fp": 3.257416017612162,
    "c_fn": 23.117459221475002,
    "ratio_fn_fp": 7.096870371019167,
    "loglik": -9.598161069521158,
    "frac_admit": 0.6410256410256411,
    "degenerate": false
  },
  "decision_u_fp1_fn5": {
    "n": 78,
    "c_fp": 5.234571853499086,
    "c_fn": 30.91032802079431,
    "ratio_fn_fp": 5.905034620956074,
    "loglik": -4.560513058260842,
    "frac_admit": 0.6153846153846154,
    "degenerate": false
  },
  "decision_u_fp5_fn1": {
    "n": 78,
    "c_fp": 347.93961286456346,
    "c_fn": 47.44631360214556,
    "ratio_fn_fp": 0.1363636442873614,
    "loglik": -1.3863015531078473,
    "frac_admit": 0.1282051282051282,
    "degenerate": false
  }
}