{
  "decision_baseline": {
    "n": 1240,
    "c_fp": 1.8721936198412834,
    "c_fn": 5.441480701065176,
    "ratio_fn_fp": 2.9064732639813617,
    "loglik": -427.48768082512834,
    "frac_admit": 0.44193548387096776,
    "degenerate": false
  },
  "decision_u_fp100_fn1": {
    "n": 1248,
    "c_fp": 124.09355841845893,
    "c_fn": 0.9827093295750787,
    "ratio_fn_fp": 0.007919100250645248,
    "loglik": -101.68812569170669,
    "frac_admit": 0.07612179487179487,
    "degenerate": false
  },
  "decision_u_fp10_fn1": {
    "n": 1248,
    "c_fp": 39.04094639433537,
    "c_fn": 0.9585493055458909,
    "ratio_fn_fp": 0.024552409561592266,
    "loglik": -164.40544327202358,
    "frac_admit": 0.10897435897435898,
    "degenerate": false
  },
  "decision_u_fp1_fn1": {
    "n": 1248,
    "c_fp": 3.9354453796520334,
    "c_fn": 1.7107561153249535,
    "ratio_fn_fp": 0.43470457604882734,
    "loglik": -301.0527387520074,
    "frac_admit": 0.2564102564102564,
    "degenerate": false
  },
  "decision_u_fp1_fn10": {
    "n": 1248,
    "c_fp": 2.1301139669967517,
    "c_fn": 4.2112275461235855,
    "ratio_fn_fp": 1.976996353890396,
    "loglik": -405.31105640395975,
    "frac_admit": 0.40384615384615385,
    "degenerate": false
  },
  "decision_u_fp1_fn100": {
    "n": 1248,
    "c_fp": 1.9388350257843958,
    "c_fn": 13.16439180224155,
    "ratio_fn_fp": 6.789846287677634,
    "loglik": -415.14867645667096,
    "frac_admit": 0.49759615384615385,
    "degenerate": false
  },
  "decision_u_fp1_fn5": {
    "n": 1248,
    "c_fp": 2.3056296490333037,
    "c_fn": 3.2221624766431924,
    "ratio_fn_fp": 1.3975195357130186,
    "loglik": -406.0153346710474,
    "frac_admit": 0.3733974358974359,
    "degenerate": false
  },
  "decision_u_fp5_fn1": {
    "n": 1248,
    "c_fp": 52.26503406393588,
    "c_fn": 1.51587970752327,
    "ratio_fn_fp": 0.029003706486996496,
    "loglik": -140.2816362121059,
    "frac_admit": 0.11778846153846154,
    "degenerate": false
  }
}