{
  "decision_baseline": {
    "n": 78,
    "c_fp": 3.0227537806576605,
    "c_fn": 12.24313105043688,
    "ratio_fn_fp": 4.050323625026826,
    "loglik": -16.465602411896377,
    "frac_admit": 0.6025641025641025,
    "degenerate": false
  },
  "decision_u_fp10_fn1": {
    "n": 78,
    "c_fp": 279.1550254394771,
    "c_fn": 21.29810533943796,
    "ratio_fn_fp": 0.07629490211006626,
    "loglik": -8.554287476670793e-06,
    "frac_admit": 0.10256410256410256,
    "degenerate": false
  },
  "decision_u_fp1_fn1": {
    "n": 78,
    "c_fp": 4.131802156254562,
    "c_fn": 3.500856069319455,
    "ratio_fn_fp": 0.8472951842623914,
    "loglik": -20.930534487477082,
    "frac_admit": 0.38461538461538464,
    "degenerate": false
  },
  "decision_u_fp1_fn10": {
    "n": 77,
    "c_fp": 3.600041579526296,
    "c_fn": 35.257526795216684,
    "ratio_fn_fp": 9.793644327812451,
    "loglik": -8.505518193466873,
    "frac_admit": 0.6753246753246753,
    "degenerate": false
  },
  "decision_u_fp1_fn5": {
    "n": 78,
    "c_fp": 4.948953590682664,
    "c_fn": 26.442245713144185,
    "ratio_fn_fp": 5.34299730814342,
    "loglik": -6.669488705023809,
    "frac_admit": 0.6282051282051282,
    "degenerate": false
  },
  "decision_u_fp5_fn1": {
    "n": 78,
    "c_fp": 24.15621732938658,
    "c_fn": 3.2116266969407876,
    "ratio_fn_fp": 0.1329523846034359,
    "loglik": -7.068378948610994,
    "frac_admit": 0.1282051282051282,
    "degenerate": false
  }
}