{
  "decision_baseline": {
    "n": 1247,
    "c_fp": 3.202727678889462,
    "c_fn": 13.53377755329574,
    "ratio_fn_fp": 4.225703497210398,
    "loglik": -275.8439484789534,
    "frac_admit": 0.5437048917401764,
    "degenerate": false
  },
  "decision_u_fp100_fn1": {
    "n": 1247,
    "c_fp": 6.561397757437598,
    "c_fn": 2.826715421363134,
    "ratio_fn_fp": 0.43080994718830184,
    "loglik": -263.0194081356203,
    "frac_admit": 0.22052927024859664,
    "degenerate": false
  },
  "decision_u_fp10_fn1": {
    "n": 1247,
    "c_fp": 5.371046113707648,
    "c_fn": 2.9031691242536724,
    "ratio_fn_fp": 0.5405220999395975,
    "loglik": -301.5782858441485,
    "frac_admit": 0.25340817963111467,
    "degenerate": false
  },
  "decision_u_fp1_fn1": {
    "n": 1247,
    "c_fp": 3.431267424162711,
    "c_fn": 11.223397169582727,
    "ratio_fn_fp": 3.2709188128411273,
    "loglik": -267.4257170366181,
    "frac_admit": 0.5084202085004009,
    "degenerate": false
  },
  "decision_u_fp1_fn10": {
    "n": 1247,
    "c_fp": 2.958455019681118,
    "c_fn": 23.88722102366118,
    "ratio_fn_fp": 8.074221465174043,
    "loglik": -271.6674896237361,
    "frac_admit": 0.6335204490777867,
    "degenerate": false
  },
  "decision_u_fp1_fn100": {
    "n": 1247,
    "c_fp": 3.0866750301012096,
    "c_fn": 33.62756083353315,
    "ratio_fn_fp": 10.894428634565568,
    "loglik": -236.84979476148203,
    "frac_admit": 0.6728147554129912,
    "degenerate": false
  },
  "decision_u_fp1_fn5": {
    "n": 1247,
    "c_fp": 3.09451090599375,
    "c_fn": 22.47587042410477,
    "ratio_fn_fp": 7.2631414484826395,
    "loglik": -267.5736187761299,
    "frac_admit": 0.6166800320769847,
    "degenerate": false
  },
  "decision_u_fp5_fn1": {
    "n": 1247,
    "c_fp": 4.164310992666477,
    "c_fn": 3.5229360062881945,
    "ratio_fn_fp": 0.8459829279062562,
    "loglik": -342.95699439382827,
    "frac_admit": 0.32157177225340816,
    "degenerate": false
  }
}