{
  "decision_baseline": {
    "n": 78,
    "c_fp": 3.4990139491772183,
    "c_fn": 24.93983395740158,
    "ratio_fn_fp": 7.127674916319239,
    "loglik": -13.757090467128837,
    "frac_admit": 0.6025641025641025,
    "degenerate": false
  },
  "decision_u_fp10_fn1": {
    "n": 78,
    "c_fp": 6.264700940203764,
    "c_fn": 1.7945929807311296,
    "ratio_fn_fp": 0.2864610773699214,
    "loglik": -17.758302677643286,
    "frac_admit": 0.23076923076923078,
    "degenerate": false
  },
  "decision_u_fp1_fn1": {
    "n": 78,
    "c_fp": 3.3368713319207344,
    "c_fn": 19.537961708014958,
    "ratio_fn_fp": 5.855173833379043,
    "loglik": -15.581490155253185,
    "frac_admit": 0.5769230769230769,
    "degenerate": false
  },
  "decision_u_fp1_fn10": {
    "n": 76,
    "c_fp": 4.060320794013314,
    "c_fn": 46.06321764170059,
    "ratio_fn_fp": 11.344723724691383,
    "loglik": -8.88955516953131,
    "frac_admit": 0.6447368421052632,
    "degenerate": false
  },
  "decision_u_fp1_fn5": {
    "n": 78,
    "c_fp": 3.6444894708328226,
    "c_fn": 21.80134867047308,
    "ratio_fn_fp": 5.982003472626615,
    "loglik": -14.134988095330222,
    "frac_admit": 0.5769230769230769,
    "degenerate": false
  },
  "decision_u_fp5_fn1": {
    "n": 78,
    "c_fp": 4.256648514850934,
    "c_fn": 2.5013393331985014,
    "ratio_fn_fp": 0.5876311667434203,
    "loglik": -20.07276712076894,
    "frac_admit": 0.3076923076923077,
    "degenerate": false
  }
}