{
  "decision_baseline": {
    "n": 1151,
    "c_fp": 2.2961922832357535,
    "c_fn": 8.896364655989531,
    "ratio_fn_fp": 3.8743988127392064,
    "loglik": -451.46103237024295,
    "frac_admit": 0.3014769765421373,
    "degenerate": false
  },
  "decision_u_fp100_fn1": {
    "n": 1203,
    "c_fp": 28.431775631942266,
    "c_fn": 0.038888312050914524,
    "ratio_fn_fp": 0.0013677764116576893,
    "loglik": -77.25660549280757,
    "frac_admit": 0.03408146300914381,
    "degenerate": false
  },
  "decision_u_fp10_fn1": {
    "n": 1148,
    "c_fp": 15.085680331013075,
    "c_fn": 2.2984944956845634,
    "ratio_fn_fp": 0.1523626674601694,
    "loglik": -56.47687683487247,
    "frac_admit": 0.09320557491289198,
    "degenerate": false
  },
  "decision_u_fp1_fn1": {
    "n": 1171,
    "c_fp": 3.8306620640688926,
    "c_fn": 9.903996592328879,
    "ratio_fn_fp": 2.585452965226838,
    "loglik": -233.85249758813927,
    "frac_admit": 0.1981212638770282,
    "degenerate": false
  },
  "decision_u_fp1_fn10": {
    "n": 1159,
    "c_fp": 2.905656556189358,
    "c_fn": 28.763564842770183,
    "ratio_fn_fp": 9.899161957561958,
    "loglik": -415.2375587971793,
    "frac_admit": 0.4227782571182053,
    "degenerate": false
  },
  "decision_u_fp1_fn100": {
    "n": 1203,
    "c_fp": 2.644658930422832,
    "c_fn": 58.497853417308875,
    "ratio_fn_fp": 22.11924295582272,
    "loglik": -375.3942406982203,
    "frac_admit": 0.6159600997506235,
    "degenerate": false
  },
  "decision_u_fp1_fn5": {
    "n": 1145,
    "c_fp": 3.0830040397463385,
    "c_fn": 21.514257405005157,
    "ratio_fn_fp": 6.978342268657972,
    "loglik": -386.56561518668104,
    "frac_admit": 0.34585152838427946,
    "degenerate": false
  },
  "decision_u_fp5_fn1": {
    "n": 1157,
    "c_fp": 8.987306244248387,
    "c_fn": 4.374010198764677,
    "ratio_fn_fp": 0.4866875657613109,
    "loglik": -24.88265349566565,
    "frac_admit": 0.11840968020743302,
    "degenerate": false
  }
}