{
  "decision_baseline": {
    "n": 1198,
    "c_fp": 3.072201952469787,
    "c_fn": 8.31789509139558,
    "ratio_fn_fp": 2.7074701533565215,
    "loglik": -153.70874981874044,
    "frac_admit": 0.6969949916527546,
    "degenerate": false
  },
  "decision_u_fp100_fn1": {
    "n": 1218,
    "c_fp": 124.26070639657749,
    "c_fn": 1e-06,
    "ratio_fn_fp": 8.047596291690991e-09,
    "loglik": -68.15063161930723,
    "frac_admit": 0.023809523809523808,
    "degenerate": false
  },
  "decision_u_fp10_fn1": {
    "n": 1181,
    "c_fp": 77.75910485873301,
    "c_fn": 2.20117182912423,
    "ratio_fn_fp": 0.028307576754171185,
    "loglik": -80.98223043289686,
    "frac_admit": 0.09060118543607112,
    "degenerate": false
  },
  "decision_u_fp1_fn1": {
    "n": 1184,
    "c_fp": 3.256190015407058,
    "c_fn": 8.939758532172876,
    "ratio_fn_fp": 2.745465863439579,
    "loglik": -139.58079852491917,
    "frac_admit": 0.6967905405405406,
    "degenerate": false
  },
  "decision_u_fp1_fn10": {
    "n": 1190,
    "c_fp": 5.6777961608375955,
    "c_fn": 66.465306755661,
    "ratio_fn_fp": 11.706180509632096,
    "loglik": -44.14597450964559,
    "frac_admit": 0.7563025210084033,
    "degenerate": false
  },
  "decision_u_fp1_fn100": {
    "n": 1218,
    "c_fp": 3.2071039711984146,
    "c_fn": 56.78692988347638,
    "ratio_fn_fp": 17.70660708023648,
    "loglik": -109.7926657682784,
    "frac_admit": 0.7889983579638752,
    "degenerate": false
  },
  "decision_u_fp1_fn5": {
    "n": 1188,
    "c_fp": 4.671884228659401,
    "c_fn": 44.88005210979545,
    "ratio_fn_fp": 9.606413582443116,
    "loglik": -60.851372199810676,
    "frac_admit": 0.75,
    "degenerate": false
  },
  "decision_u_fp5_fn1": {
    "n": 1180,
    "c_fp": 36.1101259481744,
    "c_fn": 1.5005379656916658,
    "ratio_fn_fp": 0.041554492716122125,
    "loglik": -138.5204538314332,
    "frac_admit": 0.10338983050847457,
    "degenerate": false
  }
}